id,road,linkId,side_of_road,name,start_lrp,start_offset,start_chainage,end_lrp,end_offset,end_chainage,length,heavyTruck,mediumTruck,smallTruck,largeBus,mediumBus,microBus,utility,car,autoRickshaw,motorcycle,bicycle,cycleRickshaw,cart,totalMotorized,totalNonMotorized,total,width_start,width_end,width_length,numberLanes
1,N1,N1-1,Left,Jatrabari - Int.with Z1101 (Left) (Left),LRPS,0,0,LRPS,822,0.822,0.822,402,5842,1147,2842,526,2010,238,1851,2980,398,232,889,0,18236,1121,19357,0,0.13,0.13,8
2,N1,N1-1,Right,Jatrabari - Int.with Z1101 (Left) (Right),LRPS,0,0,LRPS,822,0.822,0.822,660,6155,1554,2744,971,2120,480,2608,2508,436,213,1088,0,20236,1301,21537,0,0.13,0.13,8
3,N1,N1-1,Left,Jatrabari - Int.with Z1101 (Left) (Left),LRPS,0,0,LRPS,822,0.822,0.822,402,5842,1147,2842,526,2010,238,1851,2980,398,232,889,0,18236,1121,19357,0.13,0.4,0.27,4
4,N1,N1-1,Right,Jatrabari - Int.with Z1101 (Left) (Right),LRPS,0,0,LRPS,822,0.822,0.822,660,6155,1554,2744,971,2120,480,2608,2508,436,213,1088,0,20236,1301,21537,0.13,0.4,0.27,4
5,N1,N1-1,Left,Jatrabari - Int.with Z1101 (Left) (Left),LRPS,0,0,LRPS,822,0.822,0.822,402,5842,1147,2842,526,2010,238,1851,2980,398,232,889,0,18236,1121,19357,0.4,0.822,0.422,8
6,N1,N1-1,Right,Jatrabari - Int.with Z1101 (Left) (Right),LRPS,0,0,LRPS,822,0.822,0.822,660,6155,1554,2744,971,2120,480,2608,2508,436,213,1088,0,20236,1301,21537,0.4,0.822,0.422,8
7,N1,N1-2,Left,Int.with Z1101 - Signboard (Left) R111 (Left),LRPS,822,0.822,LRPS,4175,4.175,3.353,660,6155,1554,2744,971,2120,480,2608,2508,436,213,1088,0,20236,1301,21537,0.822,1.05,0.228,8
8,N1,N1-2,Right,Int.with Z1101 - Signboard (Left) R111 (Right),LRPS,822,0.822,LRPS,4175,4.175,3.353,402,5842,1147,2842,526,2010,238,1851,2980,398,232,889,0,18236,1121,19357,0.822,1.05,0.228,8
9,N1,N1-2,Left,Int.with Z1101 - Signboard (Left) R111 (Left),LRPS,822,0.822,LRPS,4175,4.175,3.353,660,6155,1554,2744,971,2120,480,2608,2508,436,213,1088,0,20236,1301,21537,1.05,4.175,3.125,5
10,N1,N1-2,Right,Int.with Z1101 - Signboard (Left) R111 (Right),LRPS,822,0.822,LRPS,4175,4.175,3.353,402,5842,1147,2842,526,2010,238,1851,2980,398,232,889,0,18236,1121,19357,1.05,4.175,3.125,5
11,N1,N1-3,Left,Signboard - Shimrail (Left)R110 (Left),LRPS,4175,4.175,LRPS,7181,7.181,3.006,91,2706,2184,2534,1773,1643,314,1690,2266,1087,75,1198,0,16288,1273,17561,4.175,5.1,0.925,5
12,N1,N1-3,Right,Signboard - Shimrail (Left)R110 (Right),LRPS,4175,4.175,LRPS,7181,7.181,3.006,85,2544,2053,2412,1688,1564,298,1609,2157,1035,72,1140,0,15445,1212,16657,4.175,5.1,0.925,5
13,N1,N1-3,Left,Signboard - Shimrail (Left)R110 (Left),LRPS,4175,4.175,LRPS,7181,7.181,3.006,91,2706,2184,2534,1773,1643,314,1690,2266,1087,75,1198,0,16288,1273,17561,5.1,6.89,1.79,5
14,N1,N1-3,Right,Signboard - Shimrail (Left)R110 (Right),LRPS,4175,4.175,LRPS,7181,7.181,3.006,85,2544,2053,2412,1688,1564,298,1609,2157,1035,72,1140,0,15445,1212,16657,5.1,6.89,1.79,5
15,N1,N1-3,Left,Signboard - Shimrail (Left)R110 (Left),LRPS,4175,4.175,LRPS,7181,7.181,3.006,91,2706,2184,2534,1773,1643,314,1690,2266,1087,75,1198,0,16288,1273,17561,6.89,7.181,0.291,8
16,N1,N1-3,Right,Signboard - Shimrail (Left)R110 (Right),LRPS,4175,4.175,LRPS,7181,7.181,3.006,85,2544,2053,2412,1688,1564,298,1609,2157,1035,72,1140,0,15445,1212,16657,6.89,7.181,0.291,8
17,N1,N1-4,Left,Shimrail  - Katchpur  (Left)N2 (Left),LRPS,7181,7.181,LRP009,260,8.763,1.582,174,2905,1360,2576,1356,1415,320,1579,3154,1162,211,1077,0,16001,1288,17289,7.181,7.9,0.719,8
18,N1,N1-4,Right,Shimrail  - Katchpur  (Left)N2 (Right),LRPS,7181,7.181,LRP009,260,8.763,1.582,153,2955,1566,2438,1456,1299,345,1948,2693,1143,517,1531,0,15996,2048,18044,7.181,7.9,0.719,8
19,N1,N1-4,Left,Shimrail  - Katchpur  (Left)N2 (Left),LRPS,7181,7.181,LRP009,260,8.763,1.582,174,2905,1360,2576,1356,1415,320,1579,3154,1162,211,1077,0,16001,1288,17289,7.9,8.763,0.863,4
20,N1,N1-4,Right,Shimrail  - Katchpur  (Left)N2 (Right),LRPS,7181,7.181,LRP009,260,8.763,1.582,153,2955,1566,2438,1456,1299,345,1948,2693,1143,517,1531,0,15996,2048,18044,7.9,8.763,0.863,4
21,N1,N1-5,Left,Katchpur - Madanpur (Left)N105 (Left),LRP009,260,8.763,LRP012,439,11.936,3.173,174,4965,3478,3296,2791,1751,249,1579,3154,1154,211,1077,0,22591,1288,23879,8.763,11.62,2.857,4
22,N1,N1-5,Right,Katchpur - Madanpur (Left)N105 (Right),LRP009,260,8.763,LRP012,439,11.936,3.173,153,4419,3221,2880,2408,2787,345,2105,3080,1143,517,1531,0,22541,2048,24589,8.763,11.62,2.857,4
23,N1,N1-5,Left,Katchpur - Madanpur (Left)N105 (Left),LRP009,260,8.763,LRP012,439,11.936,3.173,174,4965,3478,3296,2791,1751,249,1579,3154,1154,211,1077,0,22591,1288,23879,11.62,11.936,0.316,8
24,N1,N1-5,Right,Katchpur - Madanpur (Left)N105 (Right),LRP009,260,8.763,LRP012,439,11.936,3.173,153,4419,3221,2880,2408,2787,345,2105,3080,1143,517,1531,0,22541,2048,24589,11.62,11.936,0.316,8
25,N1,N1-6,Left,Madanpur - Langalband (Left)Z1061 (Left),LRP012,439,11.936,LRP013,3411,15.935,3.999,153,4419,3221,2880,2408,2787,345,2105,3080,1143,517,1531,0,22541,2048,24589,11.936,12.1,0.164,8
26,N1,N1-6,Right,Madanpur - Langalband (Left)Z1061 (Right),LRP012,439,11.936,LRP013,3411,15.935,3.999,174,4965,3478,3296,2791,1751,249,1579,3154,1154,211,1077,0,22591,1288,23879,11.936,12.1,0.164,8
27,N1,N1-6,Left,Madanpur - Langalband (Left)Z1061 (Left),LRP012,439,11.936,LRP013,3411,15.935,3.999,153,4419,3221,2880,2408,2787,345,2105,3080,1143,517,1531,0,22541,2048,24589,12.1,12.4,0.3,3
28,N1,N1-6,Right,Madanpur - Langalband (Left)Z1061 (Right),LRP012,439,11.936,LRP013,3411,15.935,3.999,174,4965,3478,3296,2791,1751,249,1579,3154,1154,211,1077,0,22591,1288,23879,12.1,12.4,0.3,3
29,N1,N1-6,Left,Madanpur - Langalband (Left)Z1061 (Left),LRP012,439,11.936,LRP013,3411,15.935,3.999,153,4419,3221,2880,2408,2787,345,2105,3080,1143,517,1531,0,22541,2048,24589,12.4,15.935,3.535,4
30,N1,N1-6,Right,Madanpur - Langalband (Left)Z1061 (Right),LRP012,439,11.936,LRP013,3411,15.935,3.999,174,4965,3478,3296,2791,1751,249,1579,3154,1154,211,1077,0,22591,1288,23879,12.4,15.935,3.535,4
31,N1,N1-7,Left,Langalband - Mograpara Chowrasta (Left)Z1089 (Left),LRP013,3411,15.935,LRP013,7520,20.044,4.109,153,4419,3221,2880,2408,2787,345,2105,3080,1143,517,1531,0,22541,2048,24589,15.935,20.044,4.109,4
32,N1,N1-7,Right,Langalband - Mograpara Chowrasta (Left)Z1089 (Right),LRP013,3411,15.935,LRP013,7520,20.044,4.109,174,4965,3478,3296,2791,1751,249,1579,3154,1154,211,1077,0,22591,1288,23879,15.935,20.044,4.109,4
33,N1,N1-8,Left,Mograpara(Int.with Z1089)-Meghna Bridge West End (Left) (Left),LRP013,7520,20.044,LRP022,1935,23.564,3.52,355,5314,1116,1401,726,1663,403,2137,1364,110,37,196,0,14589,233,14822,20.044,22.33,2.286,4
34,N1,N1-8,Right,Mograpara(Int.with Z1089)-Meghna Bridge West End (Left) (Right),LRP013,7520,20.044,LRP022,1935,23.564,3.52,244,4999,1005,2019,684,1647,396,1961,1120,314,31,131,0,14389,162,14551,20.044,22.33,2.286,4
35,N1,N1-8,Left,Mograpara(Int.with Z1089)-Meghna Bridge West End (Left) (Left),LRP013,7520,20.044,LRP022,1935,23.564,3.52,355,5314,1116,1401,726,1663,403,2137,1364,110,37,196,0,14589,233,14822,22.33,22.8,0.47,6
36,N1,N1-8,Right,Mograpara(Int.with Z1089)-Meghna Bridge West End (Left) (Right),LRP013,7520,20.044,LRP022,1935,23.564,3.52,244,4999,1005,2019,684,1647,396,1961,1120,314,31,131,0,14389,162,14551,22.33,22.8,0.47,6
37,N1,N1-8,Left,Mograpara(Int.with Z1089)-Meghna Bridge West End (Left) (Left),LRP013,7520,20.044,LRP022,1935,23.564,3.52,355,5314,1116,1401,726,1663,403,2137,1364,110,37,196,0,14589,233,14822,22.8,23.564,0.764,4
38,N1,N1-8,Right,Mograpara(Int.with Z1089)-Meghna Bridge West End (Left) (Right),LRP013,7520,20.044,LRP022,1935,23.564,3.52,244,4999,1005,2019,684,1647,396,1961,1120,314,31,131,0,14389,162,14551,22.8,23.564,0.764,4
39,N1,N1-9,Left,Meghna Bridge Satrt-Bhaberchar (Left) z1063 (Left),LRP022,1935,23.564,LRP031,162,30.936,7.372,244,4999,1005,2019,684,1647,396,1961,1120,314,31,131,0,14389,162,14551,23.564,30.936,7.372,4
40,N1,N1-9,Right,Meghna Bridge Satrt-Bhaberchar (Left) z1063 (Right),LRP022,1935,23.564,LRP031,162,30.936,7.372,355,5314,1116,1401,726,1663,403,2137,1364,110,37,196,0,14589,233,14822,23.564,30.936,7.372,4
41,N1,N1-10,Left,Bhaberchar(Int.with Z1063)-Daudkandi Bridge (Left) (Left),LRP031,162,30.936,LRP033,3664,36.271,5.335,355,5314,1116,1401,726,1663,403,2137,1364,110,37,196,0,14589,233,14822,30.936,36.271,5.335,4
42,N1,N1-10,Right,Bhaberchar(Int.with Z1063)-Daudkandi Bridge (Left) (Right),LRP031,162,30.936,LRP033,3664,36.271,5.335,244,4999,1005,2019,684,1647,396,1961,1120,314,31,131,0,14389,162,14551,30.936,36.271,5.335,4
43,N1,N1-11,Left,Daudkandi Bridge- Daudkandi Z1062 (Left),LRP033,3664,36.271,LRP033,5859,38.466,2.195,355,5314,1116,1401,726,1663,403,2137,1364,110,37,196,0,14589,233,14822,36.271,37.607,1.336,5
44,N1,N1-11,Right,Daudkandi Bridge- Daudkandi Z1062 (Right),LRP033,3664,36.271,LRP033,5859,38.466,2.195,244,4999,1005,2019,684,1647,396,1961,1120,314,31,131,0,14389,162,14551,36.271,37.607,1.336,5
45,N1,N1-11,Left,Daudkandi Bridge- Daudkandi Z1062 (Left),LRP033,3664,36.271,LRP033,5859,38.466,2.195,355,5314,1116,1401,726,1663,403,2137,1364,110,37,196,0,14589,233,14822,37.607,38.466,0.859,4
46,N1,N1-11,Right,Daudkandi Bridge- Daudkandi Z1062 (Right),LRP033,3664,36.271,LRP033,5859,38.466,2.195,244,4999,1005,2019,684,1647,396,1961,1120,314,31,131,0,14389,162,14551,37.607,38.466,0.859,4
47,N1,N1-12,Left,Daudkandi Z1062 - Pennai Z1053 (Left),LRP033,5859,38.466,LRP043,3119,45.388,6.922,348,4941,928,1627,632,695,397,1049,800,132,26,106,0,11549,132,11681,38.466,41.761,3.295,4
48,N1,N1-12,Right,Daudkandi Z1062 - Pennai Z1053 (Right),LRP033,5859,38.466,LRP043,3119,45.388,6.922,359,4772,851,1637,566,699,398,1126,786,198,44,147,0,11392,191,11583,38.466,41.761,3.295,4
49,N1,N1-12,Left,Daudkandi Z1062 - Pennai Z1053 (Left),LRP033,5859,38.466,LRP043,3119,45.388,6.922,348,4941,928,1627,632,695,397,1049,800,132,26,106,0,11549,132,11681,41.761,45.388,3.627,6
50,N1,N1-12,Right,Daudkandi Z1062 - Pennai Z1053 (Right),LRP033,5859,38.466,LRP043,3119,45.388,6.922,359,4772,851,1637,566,699,398,1126,786,198,44,147,0,11392,191,11583,41.761,45.388,3.627,6
51,N1,N1-13,Left,Pennai Z1053- Gouripur (Int.with Z1044) (Left),LRP043,3119,45.388,LRP043,4955,47.224,1.836,348,4941,928,1627,632,695,397,1049,800,132,26,106,0,11549,132,11681,45.388,47.224,1.836,6
52,N1,N1-13,Right,Pennai Z1053- Gouripur (Int.with Z1044) (Right),LRP043,3119,45.388,LRP043,4955,47.224,1.836,359,4772,851,1637,566,699,398,1126,786,198,44,147,0,11392,191,11583,45.388,47.224,1.836,6
53,N1,N1-14,Left,Gouripur (Int.with Z1044) - Eliotganj Z1042 (Left),LRP043,4955,47.224,LRP043,13208,55.477,8.253,359,4772,851,1637,566,699,398,1126,786,198,44,147,0,11392,191,11583,47.224,55.477,8.253,6
54,N1,N1-14,Right,Gouripur (Int.with Z1044) - Eliotganj Z1042 (Right),LRP043,4955,47.224,LRP043,13208,55.477,8.253,348,4941,928,1627,632,695,397,1049,800,132,26,106,0,11549,132,11681,47.224,55.477,8.253,6
55,N1,N1-15,Left,Eliotganj Z1042- Madhaya Z1017 (Left),LRP043,13208,55.477,LRP043,20009,62.278,6.801,348,4941,928,1627,632,695,397,1049,800,132,26,106,0,11549,132,11681,55.477,62.278,6.801,6
56,N1,N1-15,Right,Eliotganj Z1042- Madhaya Z1017 (Right),LRP043,13208,55.477,LRP043,20009,62.278,6.801,359,4772,851,1637,566,699,398,1126,786,198,44,147,0,11392,191,11583,55.477,62.278,6.801,6
57,N1,N1-16,Left,Madhaya Z1017 - Chandina Z1022 (Left),LRP043,20009,62.278,LRP067,3912,69.638,7.36,348,4941,928,1627,632,695,397,1049,800,132,26,106,0,11549,132,11681,62.278,69.638,7.36,6
58,N1,N1-16,Right,Madhaya Z1017 - Chandina Z1022 (Right),LRP043,20009,62.278,LRP067,3912,69.638,7.36,359,4772,851,1637,566,699,398,1126,786,198,44,147,0,11392,191,11583,62.278,69.638,7.36,6
59,N1,N1-17,Left,Chandina Z1022 - Nimsar  (Int.with Z1219 & Z1028)  (Left),LRP067,3912,69.638,LRP076,1760,75.589,5.951,308,5253,680,1824,454,959,393,1215,1997,617,128,174,0,13700,302,14002,69.638,75.589,5.951,6
60,N1,N1-17,Right,Chandina Z1022 - Nimsar  (Int.with Z1219 & Z1028)  (Right),LRP067,3912,69.638,LRP076,1760,75.589,5.951,336,5605,763,1863,474,1037,415,1042,1906,492,96,184,0,13933,280,14213,69.638,75.589,5.951,6
61,N1,N1-18,Left,Nimsar (Int.with Z1219 & Z1028) - Mainamati N102 (Left),LRP076,1760,75.589,LRP076,8017,81.846,6.257,308,5253,680,1824,454,959,393,1215,1997,617,128,174,0,13700,302,14002,75.589,81.846,6.257,6
62,N1,N1-18,Right,Nimsar (Int.with Z1219 & Z1028) - Mainamati N102 (Right),LRP076,1760,75.589,LRP076,8017,81.846,6.257,336,5605,763,1863,474,1037,415,1042,1906,492,96,184,0,13933,280,14213,75.589,81.846,6.257,6
63,N1,N1-19,Left,Mainamati  N102- Int.with Z1029 (Left),LRP076,8017,81.846,LRP076,12068,85.897,4.051,308,5253,680,1824,454,959,393,1215,1997,617,128,174,0,13700,302,14002,81.846,85.897,4.051,6
64,N1,N1-19,Right,Mainamati  N102- Int.with Z1029 (Right),LRP076,8017,81.846,LRP076,12068,85.897,4.051,336,5605,763,1863,474,1037,415,1042,1906,492,96,184,0,13933,280,14213,81.846,85.897,4.051,6
65,N1,N1-20,Left,Int.with Z1029 - Int.with Z1052 (Left),LRP076,12068,85.897,LRP076,13537,87.366,1.469,308,5253,680,1824,454,959,393,1215,1997,617,128,174,0,13700,302,14002,85.897,87.366,1.469,6
66,N1,N1-20,Right,Int.with Z1029 - Int.with Z1052 (Right),LRP076,12068,85.897,LRP076,13537,87.366,1.469,336,5605,763,1863,474,1037,415,1042,1906,492,96,184,0,13933,280,14213,85.897,87.366,1.469,6
67,N1,N1-21,Left,Int.with Z1052 - Changani (Kotbari) (Left),LRP076,13537,87.366,LRP091,897,89.41,2.044,294,5781,770,1356,307,516,257,732,1429,384,72,144,0,11826,216,12042,87.366,89.41,2.044,6
68,N1,N1-21,Right,Int.with Z1052 - Changani (Kotbari) (Right),LRP076,13537,87.366,LRP091,897,89.41,2.044,321,5542,848,1306,321,522,282,825,1412,370,64,143,0,11749,207,11956,87.366,89.41,2.044,6
69,N1,N1-22,Left,Changani (Kotbari) - Paduar Bazar Biswa Rd. R140 (Left),LRP091,897,89.41,LRP093,1090,91.583,2.173,294,5781,770,1356,307,516,257,732,1429,384,72,144,0,11826,216,12042,89.41,91.583,2.173,6
70,N1,N1-22,Right,Changani (Kotbari) - Paduar Bazar Biswa Rd. R140 (Right),LRP091,897,89.41,LRP093,1090,91.583,2.173,321,5542,848,1306,321,522,282,825,1412,370,64,143,0,11749,207,11956,89.41,91.583,2.173,6
71,N1,N1-23,Left,Paduar Bazar Biswa Rd. R140 - Miabazar Z1046 (Left),LRP093,1090,91.583,LRP105,3631,105.879,14.296,294,5781,770,1356,307,516,257,732,1429,384,72,144,0,11826,216,12042,91.583,105.879,14.296,6
72,N1,N1-23,Right,Paduar Bazar Biswa Rd. R140 - Miabazar Z1046 (Right),LRP093,1090,91.583,LRP105,3631,105.879,14.296,321,5542,848,1306,321,522,282,825,1412,370,64,143,0,11749,207,11956,91.583,105.879,14.296,6
73,N1,N1-24,Left,Miabazar Z1046 - Chauddagram(Int.with Z1045) (Left),LRP105,3631,105.879,LRP105,17450,119.698,13.819,294,5781,770,1356,307,516,257,732,1429,384,72,144,0,11826,216,12042,105.879,119.698,13.819,6
74,N1,N1-24,Right,Miabazar Z1046 - Chauddagram(Int.with Z1045) (Right),LRP105,3631,105.879,LRP105,17450,119.698,13.819,321,5542,848,1306,321,522,282,825,1412,370,64,143,0,11749,207,11956,105.879,119.698,13.819,6
75,N1,N1-25,Left,Chauddagram(Int.with Z1045)-Md. Ali bazar (Int.with Z1031) (Left),LRP105,17450,119.698,LRP142,230,138.869,19.171,459,3515,726,761,304,688,251,508,929,324,33,121,0,8465,154,8619,119.698,138.869,19.171,6
76,N1,N1-25,Right,Chauddagram(Int.with Z1045)-Md. Ali bazar (Int.with Z1031) (Right),LRP105,17450,119.698,LRP142,230,138.869,19.171,398,3838,863,780,314,674,306,589,760,353,36,115,0,8875,151,9026,119.698,138.869,19.171,6
77,N1,N1-26,Left,Md. Ali bazar (Int.with Z1031)-Int.with Z1031 (Left),LRP142,230,138.869,LRP143,500,140.251,1.382,459,3515,726,761,304,688,251,508,929,324,33,121,0,8465,154,8619,138.869,140.251,1.382,6
78,N1,N1-26,Right,Md. Ali bazar (Int.with Z1031)-Int.with Z1031 (Right),LRP142,230,138.869,LRP143,500,140.251,1.382,398,3838,863,780,314,674,306,589,760,353,36,115,0,8875,151,9026,138.869,140.251,1.382,6
79,N1,N1-27,Left,Int.with Z1031 - Elahiganj (Feni) Z1030 (Left),LRP143,500,140.251,LRP146,240,143.034,2.783,626,4617,1156,1923,588,791,216,716,1212,331,92,228,0,12176,320,12496,140.251,143.034,2.783,6
80,N1,N1-27,Right,Int.with Z1031 - Elahiganj (Feni) Z1030 (Right),LRP143,500,140.251,LRP146,240,143.034,2.783,728,4991,1253,2234,667,1164,249,813,1676,426,148,235,0,14201,383,14584,140.251,143.034,2.783,6
81,N1,N1-28,Left,Elahiganj (Feni)  Z1030- Feni (Int.with N104) (Left),LRP146,240,143.034,LRP147,1614,145.409,2.375,728,4991,1253,2234,667,1164,249,813,1676,426,148,235,0,14201,383,14584,143.034,145.409,2.375,6
82,N1,N1-28,Right,Elahiganj (Feni)  Z1030- Feni (Int.with N104) (Right),LRP146,240,143.034,LRP147,1614,145.409,2.375,626,4617,1156,1923,588,791,216,716,1212,331,92,228,0,12176,320,12496,143.034,145.409,2.375,6
83,N1,N1-29,Left,Feni (Int.with N104) - Feni Shahid Minar (Int.with Z1034) (Left),LRP147,1614,145.409,LRP152,448,149.289,3.88,355,5555,1533,1572,630,1141,285,980,1252,415,89,199,0,13718,288,14006,145.409,149.289,3.88,6
84,N1,N1-29,Right,Feni (Int.with N104) - Feni Shahid Minar (Int.with Z1034) (Right),LRP147,1614,145.409,LRP152,448,149.289,3.88,350,5976,1656,1618,669,1185,355,1071,1266,409,96,196,0,14555,292,14847,145.409,149.289,3.88,6
85,N1,N1-30,Left,Feni Shahid Minar( Int.with Z1034)-Fazilpur (Z1081) (Left),LRP152,448,149.289,LRP160,738,157.685,8.396,393,4967,1201,1656,293,775,282,973,840,207,224,188,0,11587,412,11999,149.289,157.685,8.396,6
86,N1,N1-30,Right,Feni Shahid Minar( Int.with Z1034)-Fazilpur (Z1081) (Right),LRP152,448,149.289,LRP160,738,157.685,8.396,437,5132,981,1477,239,613,235,833,847,187,200,141,0,10981,341,11322,149.289,157.685,8.396,6
87,N1,N1-31,Left,Fazilpur Z1081 - Muhuriganj Z1032 (Left),LRP160,738,157.685,LRP164,619,161.582,3.897,355,5555,1533,1572,630,1141,285,980,1252,415,89,199,0,13718,288,14006,157.685,161.582,3.897,6
88,N1,N1-31,Right,Fazilpur Z1081 - Muhuriganj Z1032 (Right),LRP160,738,157.685,LRP164,619,161.582,3.897,350,5976,1656,1618,669,1185,355,1071,1266,409,96,196,0,14555,292,14847,157.685,161.582,3.897,6
89,N1,N1-32,Left,Muhuriganj Z1032-Baraiyerhat R151 (Left),LRP164,619,161.582,LRP164,6720,167.683,6.101,366,3877,1050,1313,539,752,319,770,2247,371,109,251,0,11604,360,11964,161.582,167.683,6.101,6
90,N1,N1-32,Right,Muhuriganj Z1032-Baraiyerhat R151 (Right),LRP164,619,161.582,LRP164,6720,167.683,6.101,376,4095,978,1358,526,765,277,770,2304,292,75,282,0,11741,357,12098,161.582,167.683,6.101,6
91,N1,N1-33,Left,Baraiyerhat R151- Mirersarai Z1021 (Left),LRP164,6720,167.683,LRP164,20501,181.464,13.781,366,3877,1050,1313,539,752,319,770,2247,371,109,251,0,11604,360,11964,167.683,181.464,13.781,6
92,N1,N1-33,Right,Baraiyerhat R151- Mirersarai Z1021 (Right),LRP164,6720,167.683,LRP164,20501,181.464,13.781,376,4095,978,1358,526,765,277,770,2304,292,75,282,0,11741,357,12098,167.683,181.464,13.781,6
93,N1,N1-34,Left,Mirersarai Z1021 - Baroirdala Z1086 (Left),LRP164,20501,181.464,LRP197,1120,194.603,13.139,366,3877,1050,1313,539,752,319,770,2247,371,109,251,0,11604,360,11964,181.464,194.603,13.139,6
94,N1,N1-34,Right,Mirersarai Z1021 - Baroirdala Z1086 (Right),LRP164,20501,181.464,LRP197,1120,194.603,13.139,376,4095,978,1358,526,765,277,770,2304,292,75,282,0,11741,357,12098,181.464,194.603,13.139,6
95,N1,N1-35,Left,Baroirdala Z1086- Barabkunda Z1087 (Left),LRP197,1120,194.603,LRP209,486,206.402,11.799,986,5219,1000,1499,561,881,230,831,2864,451,93,288,0,14522,381,14903,194.603,206.402,11.799,6
96,N1,N1-35,Right,Baroirdala Z1086- Barabkunda Z1087 (Right),LRP197,1120,194.603,LRP209,486,206.402,11.799,1217,5230,1456,1648,654,843,247,775,2735,415,109,350,0,15220,459,15679,194.603,206.402,11.799,6
97,N1,N1-36,Left,Barabkunda Z1087-Fouzderhat Z1016 (Left),LRP209,486,206.402,LRP225,6400,228.406,22.004,986,5219,1000,1499,561,881,230,831,2864,451,93,288,0,14522,381,14903,206.402,228.406,22.004,6
98,N1,N1-36,Right,Barabkunda Z1087-Fouzderhat Z1016 (Right),LRP209,486,206.402,LRP225,6400,228.406,22.004,1217,5230,1456,1648,654,843,247,775,2735,415,109,350,0,15220,459,15679,206.402,228.406,22.004,6
99,N1,N1-37,Both,Fouzderhat Z1016 - Alonker Cinema Hall (Chittagong),LRP225,6400,228.406,LRP225,10748,232.754,4.348,21,1105,808,898,621,987,194,694,2994,581,221,426,0,8903,647,9550,228.406,229.046,0.64,6
100,N1,N1-37,Both,Fouzderhat Z1016 - Alonker Cinema Hall (Chittagong),LRP225,6400,228.406,LRP225,10748,232.754,4.348,21,1105,808,898,621,987,194,694,2994,581,221,426,0,8903,647,9550,229.046,230.606,1.56,8
101,N1,N1-37,Both,Fouzderhat Z1016 - Alonker Cinema Hall (Chittagong),LRP225,6400,228.406,LRP225,10748,232.754,4.348,21,1105,808,898,621,987,194,694,2994,581,221,426,0,8903,647,9550,230.606,232.754,2.148,6
102,N1,N1-38,Both,Chittagong (Badderhat)-Maizzertek int with Z1804,LRP225,10748,232.754,LRP251,496,247.893,15.139,21,1105,808,898,621,987,194,694,2994,581,221,426,0,8903,647,9550,232.754,241.063,8.309,6
103,N1,N1-38,Both,Chittagong (Badderhat)-Maizzertek int with Z1804,LRP225,10748,232.754,LRP251,496,247.893,15.139,21,1105,808,898,621,987,194,694,2994,581,221,426,0,8903,647,9550,241.063,242.556,1.493,2
104,N1,N1-38,Both,Chittagong (Badderhat)-Maizzertek int with Z1804,LRP225,10748,232.754,LRP251,496,247.893,15.139,21,1105,808,898,621,987,194,694,2994,581,221,426,0,8903,647,9550,242.556,245.156,2.6,4
105,N1,N1-38,Both,Chittagong (Badderhat)-Maizzertek int with Z1804,LRP225,10748,232.754,LRP251,496,247.893,15.139,21,1105,808,898,621,987,194,694,2994,581,221,426,0,8903,647,9550,245.156,246.856,1.7,2
106,N1,N1-38,Both,Chittagong (Badderhat)-Maizzertek int with Z1804,LRP225,10748,232.754,LRP251,496,247.893,15.139,21,1105,808,898,621,987,194,694,2994,581,221,426,0,8903,647,9550,246.856,247.893,1.037,2
107,N1,N1-39,Both,Maizzertek Int with Z1804-Sikolbaha Int with Z1018,LRP251,496,247.893,LRP251,3048,250.445,2.552,21,1105,808,898,621,987,194,694,2994,581,221,426,0,8903,647,9550,247.893,250.445,2.552,2
108,N1,N1-40,Both,Sikolbaha Int with Z1018-Santirhat Int. with Z1071,LRP251,3048,250.445,LRP251,5559,252.956,2.511,21,1105,808,898,621,987,194,694,2994,581,221,426,0,8903,647,9550,250.445,252.956,2.511,2
109,N1,N1-41,Both,Santirhat Int. with Z1071 - Int. with Z1070,LRP251,5559,252.956,LRP259,726,255.725,2.769,21,1105,808,898,621,987,194,694,2994,581,221,426,0,8903,647,9550,252.956,255.725,2.769,2
110,N1,N1-42,Both,Int. with Z1070 - Mansertek(Int.with N107),LRP259,726,255.725,LRP259,1810,256.809,1.084,30,1077,795,994,658,1483,305,658,3125,536,207,240,7,9661,454,10115,255.725,256.809,1.084,2
111,N1,N1-43,Both,Mansertek(Int.with N107)- Patiya (Int.with Z1059),LRP259,1810,256.809,LRP264,3734,263.744,6.935,30,1077,795,994,658,1483,305,658,3125,536,207,240,7,9661,454,10115,256.809,263.744,6.935,2
112,N1,N1-44,Both,Patiya (Int.with Z1059) - Patiya Dakbanglo (Int.with Z1057),LRP264,3734,263.744,LRP264,4060,264.07,0.326,24,1181,882,802,639,1307,196,840,4070,910,819,3156,0,10851,3975,14826,263.744,264.07,0.326,2
113,N1,N1-45,Both,Patiya Dakbanglo (Int.with Z1057) - Patiya (Int.with Z1039),LRP264,4060,264.07,LRP264,5400,265.41,1.34,24,1181,882,802,639,1307,196,840,4070,910,819,3156,0,10851,3975,14826,264.07,265.41,1.34,2
114,N1,N1-46,Both,Patiya (Int.with Z1039)-Khanhat Int.with Z1026,LRP264,5400,265.41,LRP277,1763,274.982,9.572,24,1181,882,802,639,1307,196,840,4070,910,819,3156,0,10851,3975,14826,265.41,274.982,9.572,2
115,N1,N1-47,Both,Khanhat Int.with Z1026 - Hashimpur Z1036,LRP277,1763,274.982,LRP281,700,278.013,3.031,23,786,1237,944,92,1267,109,811,6505,905,220,843,0,12679,1063,13742,274.982,278.013,3.031,2
116,N1,N1-48,Both,Hashimpur Z1036- Keranirhat N108,LRP281,700,278.013,LRP291,2558,289.612,11.599,23,786,1237,944,92,1267,109,811,6505,905,220,843,0,12679,1063,13742,278.013,289.612,11.599,2
117,N1,N1-49,Both,Keranirhat N108 - Int.with Z1019,LRP291,2558,289.612,LRP291,2920,289.974,0.362,23,786,1237,944,92,1267,109,811,6505,905,220,843,0,12679,1063,13742,289.612,289.974,0.362,2
118,N1,N1-50,Both,"Int.with Z1019 - Lohagara, Bara Aulia (Int.with Z1013)",LRP291,2920,289.974,LRP299,2769,297.441,7.467,23,786,1237,944,92,1267,109,811,6505,905,220,843,0,12679,1063,13742,289.974,297.441,7.467,2
119,N1,N1-51,Both,"Lohagara, Bara Aulia (Int.with Z1013) - Chunati R171",LRP299,2769,297.441,LRP312,171,307.582,10.141,42,2364,1215,1015,787,2025,345,1013,1668,779,642,728,0,11253,1370,12623,297.441,307.582,10.141,2
120,N1,N1-52,Both,Chunati R171 - Aziznagar Z1007,LRP312,171,307.582,LRP320,308,315.728,8.146,42,2364,1215,1015,787,2025,345,1013,1668,779,642,728,0,11253,1370,12623,307.582,315.728,8.146,2
121,N1,N1-53,Both,Aziznagar (Int.with Z1007)-Harbang (Int.with Z1124),LRP320,308,315.728,LRP321,63,316.356,0.628,42,2364,1215,1015,787,2025,345,1013,1668,779,642,728,0,11253,1370,12623,315.728,316.356,0.628,2
122,N1,N1-54,Both,Harbang (Int.with Z1124) - Ekatabazar Z1125,LRP321,63,316.356,LRP328,485,323.842,7.486,42,2364,1215,1015,787,2025,345,1013,1668,779,642,728,0,11253,1370,12623,316.356,323.842,7.486,2
123,N1,N1-55,Both,Ekatabazar Z1125 - Baraitali Int.with Z1002,LRP328,485,323.842,LRP331,844,327.188,3.346,44,774,249,749,144,1058,202,661,1133,552,233,267,0,5566,500,6066,323.842,327.188,3.346,2
124,N1,N1-56,Both,Baraitali Int.with Z1002-Int.with Z1126,LRP331,844,327.188,LRP335,500,330.874,3.686,44,774,249,749,144,1058,202,661,1133,552,233,267,0,5566,500,6066,327.188,330.874,3.686,2
125,N1,N1-57,Both,Int.with Z1126-Janatabazar (Int.with Z1127),LRP335,500,330.874,LRP336,764,332.066,1.192,44,774,249,749,144,1058,202,661,1133,552,233,267,0,5566,500,6066,330.874,332.066,1.192,2
126,N1,N1-58,Both,Janatabazar (Int.with Z1127) - Chokoria R172,LRP336,764,332.066,LRP336,1575,332.877,0.811,44,774,249,749,144,1058,202,661,1133,552,233,267,0,5566,500,6066,332.066,332.877,0.811,2
127,N1,N1-59,Both,Chokoria R172 - Faishakhali Z1005,LRP336,1575,332.877,LRP341,852,337.31,4.433,39,1009,549,784,238,1018,165,318,2511,1443,428,4183,0,8074,4611,12685,332.877,337.31,4.433,2
128,N1,N1-60,Both,Faishakhali Z1005- Dulahazra Z1130,LRP341,852,337.31,LRP348,96,343.559,6.249,35,595,159,412,136,760,118,109,1548,403,118,450,0,4275,568,4843,337.31,343.559,6.249,2
129,N1,N1-61,Both,Dulahazra Z1130-Khutakhali Z1131,LRP348,96,343.559,LRP354,509,350.054,6.495,35,595,159,412,136,760,118,109,1548,403,118,450,0,4275,568,4843,343.559,350.054,6.495,2
130,N1,N1-62,Both,Khutakhali Z1131 - Ramu (Int.with Z1001),LRP354,509,350.054,LRP376,57,370.982,20.928,35,595,159,412,136,760,118,109,1548,403,118,450,0,4275,568,4843,350.054,370.982,20.928,2
131,N1,N1-63,Both,Ramu (Int.with Z1001)-Ramu Intersection N109,LRP376,57,370.982,LRP378,593,373.475,2.493,35,595,159,412,136,760,118,109,1548,403,118,450,0,4275,568,4843,370.982,373.475,2.493,2
132,N1,N1-64,Both,Ramu Intersection N109 - Coxsbazar Link Road N110,LRP378,593,373.475,LRP386,724,381.481,8.006,35,595,159,412,136,760,118,109,1548,403,118,450,0,4275,568,4843,373.475,381.481,8.006,2
133,N1,N1-65,Both,Coxsbazar Link Road N110-Maricha Z1009,LRP386,724,381.481,LRP403,217,398.205,16.724,24,455,137,129,200,568,131,142,2476,419,97,1042,0,4681,1139,5820,381.481,398.205,16.724,2
134,N1,N1-66,Both,Maricha Z1009-Ukhia Dakbanglo Z1503,LRP403,217,398.205,LRP413,300,408.434,10.229,24,455,137,129,200,568,131,142,2476,419,97,1042,0,4681,1139,5820,398.205,408.434,10.229,2
135,N1,N1-67,Both,Ukhia Dakbanglo Z1503 - Gundum Z1504,LRP413,300,408.434,LRP420,900,416.044,7.61,24,455,137,129,200,568,131,142,2476,419,97,1042,0,4681,1139,5820,408.434,416.044,7.61,2
136,N1,N1-68,Both,GundumGundum Z1504 - Whykong Z1133,LRP420,900,416.044,LRP433,521,428.908,12.864,24,455,137,129,200,568,131,142,2476,419,97,1042,0,4681,1139,5820,416.044,428.908,12.864,2
137,N1,N1-69,Both,Whykong Z1133 - Teknaf,LRP433,521,428.908,LRP467,130,462.254,33.346,24,455,137,129,200,568,131,142,2476,419,97,1042,0,4681,1139,5820,428.908,462.254,33.346,2